,Sleep_Hours,Reaction_Time_ms,Heart_Rate,Tasks_Completed,Task_Complexity,Errors,Radiation_Exposure,Communication_Delay_sec,Stress_Level
Sleep_Hours,1.0,-0.9436236341073029,-0.9226115765651981,0.9091675835657294,-0.9521214965583304,-0.9292427365828927,-0.6021472147368034,-0.8628356124532919,-0.9117952629039677
Reaction_Time_ms,-0.9436236341073029,1.0,0.9908391832693316,-0.9520372236109257,0.9812978466293066,0.9759621747717117,0.7793133611324237,0.9460136505120554,0.9922971909842876
Heart_Rate,-0.9226115765651981,0.9908391832693316,1.0,-0.9631602076354286,0.9743577135302466,0.9719896820133497,0.7963456955233726,0.9292398135121217,0.9916717055144179
Tasks_Completed,0.9091675835657294,-0.9520372236109257,-0.9631602076354286,1.0,-0.9306266282719899,-0.9584289529771849,-0.681538194403469,-0.874114988078743,-0.950588705728513
Task_Complexity,-0.9521214965583304,0.9812978466293066,0.9743577135302466,-0.9306266282719899,1.0,0.9529908349298173,0.7787104408658414,0.926399781584705,0.9683893885571075
Errors,-0.9292427365828927,0.9759621747717117,0.9719896820133497,-0.9584289529771849,0.9529908349298173,1.0,0.7226930718179162,0.9275537219313553,0.979739533186924
Radiation_Exposure,-0.6021472147368034,0.7793133611324237,0.7963456955233726,-0.681538194403469,0.7787104408658414,0.7226930718179162,1.0,0.7118487821733933,0.7954462525493405
Communication_Delay_sec,-0.8628356124532919,0.9460136505120554,0.9292398135121217,-0.874114988078743,0.926399781584705,0.9275537219313553,0.7118487821733933,1.0,0.9569295869534081
Stress_Level,-0.9117952629039677,0.9922971909842876,0.9916717055144179,-0.950588705728513,0.9683893885571075,0.979739533186924,0.7954462525493405,0.9569295869534081,1.0
